{"Bazaar Bargain": -3.8900000000000006, "Your Eternal Reward": 4.549999999999997, "Tide Turner": -7.340000000000003, "Big Earner": 1.3399999999999999, "Quick-Fix": 3.7699999999999996, "Mantreads": -2, "L'Etranger": 1.879999999999999, "Apoco-Fists": 5.67, "Gunslinger": 0.5500000000000007, "Beggar's Bazooka": 0.3299999999999983, "Phlogistinator": 1.6599999999999966, "Righteous Bison": 0.8900000000000006, "Bat Outta Hell": -0.11999999999999922, "Maul": 5.66, "Vita-Saw": 0.4499999999999975, "Sun-on-a-Stick": 2.4399999999999995, "Fan O'War": 0.4400000000000013, "Ubersaw": -0.7799999999999994, "Diamondback": -0.33999999999999986, "Fortified Compound": -0.6699999999999999, "Winger": 0.5500000000000007, "Overdose": 1.879999999999999, "AWPer Hand": 9.825000000000003, "Sharpened Volcano Fragment": 2.7699999999999996, "Kukri": -1, "Market Gardener": 2.3299999999999983, "Nessie's Nine Iron": 0.879999999999999, "Wrap Assassin": 3, "Splendid Screen": -1.2300000000000004, "Eureka Effect": -0.120000000000001, "Scottish Resistance": 3.1099999999999994, "Natascha": 2, "Eviction Notice": -0.10999999999999943, "Vaccinator": 0.879999999999999, "Solemn Vow": -2.67, "Liberty Launcher": -0.4499999999999993, "Killing Gloves of Boxing": -2, "Wanga Prick": 1.1099999999999994, "Pretty Boy's Pocket Pistol": 0.7799999999999994, "Frying Pan": 8.427499999999995, "Southern Hospitality": -0.7799999999999994, "Crusader's Crossbow": -0.4399999999999977, "Sydney Sleeper": 0.6600000000000001, "Freedom Staff": 0.4400000000000013, "Unarmed Combat": -0.5500000000000007, "Manmelter": 0.7699999999999996, "Axtinguisher": 1, "Neon Annihilator": -0.7800000000000011, "Scotsman's Skullcutter": 0.4400000000000013, "Force-A-Nature": 3.7699999999999996, "Third Degree": -1.1199999999999992, "Wrench": 1.4399999999999995, "Hitman's Heatmaker": 1.6700000000000017, "Cleaner's Carbine": 0.7699999999999996, "Spy-cicle": 0.5500000000000007, "Fists": -0.4499999999999993, "Amputator": -0.23000000000000043, "Cow Mangler 5000": 1.1099999999999994, "Homewrecker": -0.4499999999999993, "Equalizer": 3, "Shotgun": 1.4400000000000013, "Gloves of Running Urgently": 0.33999999999999986, "Holiday Punch": -0.6699999999999999, "Quickiebomb Launcher": -1.8900000000000006, "Tribalman's Shiv": 3.2200000000000006, "Bat": 0.6600000000000001, "Atomizer": 0.21999999999999886, "Blutsauger": 1.33, "Sharp Dresser": 1.3299999999999983, "Flying Guillotine": 0.5500000000000007, "Back Scratcher": 0.3299999999999983, "Classic": -5.780000000000001, "Boston Basher": -1.0, "Rainblower": -1, "Backburner": -0.22000000000000064, "Lollichop": -0.7799999999999994, "Jag": -1.8900000000000006, "Persian Persuader": -1, "Warrior's Spirit": -0.7799999999999994, "Short Circuit": 0.33000000000000007, "Shahanshah": 1.6600000000000001, "Enforcer": -0.6699999999999999, "Disciplinary Action": -0.5600000000000005, "Fire Axe": -2.66, "Eyelander": 1.879999999999999, "Direct Hit": -0.5600000000000005, "Escape Plan": -0.8900000000000006, "Baby Face's Blaster": -0.10999999999999943, "Candy Cane": -1.8900000000000006, "Flare Gun": 0.33000000000000007, "Bonesaw": 0.879999999999999, "Machina": 3.1099999999999994, "Back Scatter": 0.33999999999999986, "Syringe Gun": 2.2200000000000006, "Huo-Long Heater": -1.67, "Ham Shank": -0.4499999999999993, "Loch-n-Load": -1.120000000000001, "Bottle": -1.5600000000000005, "Frontier Justice": -2.1099999999999994, "Shortstop": -0.4499999999999993, "Postal Pummeler": -0.5600000000000005, "Holy Mackerel": 2.5500000000000007, "Shovel": 0.4399999999999995, "Scorch Shot": -3.8900000000000006, "Ullapool Caber": -2.780000000000001, "Pain Train": -1.1199999999999992, "Pomson 6000": -0.33999999999999986, "Kritzkrieg": 0.7699999999999996, "Ambassador": -2.4399999999999995, "Pistol": -0.4499999999999993, "Scottish Handshake": -1.0, "SMG": -4.34, "Bushwacka": 2.5500000000000007, "Brass Beast": -2, "Air Strike": 1.5500000000000007, "Reserve Shooter": 2.1099999999999994, "Family Business": -0.4499999999999993, "Sandman": -0.6699999999999999, "Revolver": -1.8900000000000006, "Soda Popper": -4.34, "Detonator": 1.1100000000000012, "Loose Cannon": -3.119999999999999, "Half-Zatoichi": -1.120000000000001, "Claidheamh M\u00f2r": -1.5600000000000005, "Widowmaker": -2.2300000000000004, "Fists of Steel": 4.4399999999999995, "Rescue Ranger": 0.879999999999999, "Powerjack": -3.34, "Chargin' Targe": 1.9400000000000013, "Tomislav": -0.8900000000000006, "Huntsman": -0.7799999999999994, "Minigun": -6.67, "Conniver's Kunai": -2.3400000000000034, "Original": -2.6700000000000017, "Stickybomb Launcher": -7.34, "Sniper Rifle": -5.449999999999999, "Scattergun": -6.890000000000001, "Degreaser": -10.11, "Medi Gun": -8.560000000000002, "Knife": -12, "Black Box": -2.34, "Grenade Launcher": -14.34, "Rocket Launcher": -15.780000000000001, "Flame Thrower": -35.715, "Conscientious Objector": 8.219999999999999, "Iron Curtain": null, "Lugermorph": null, "Golden Wrench": null}